{
  "broadcast": {
    "frame_0": {},
    "frame_1": {},
    "frame_2": {},
    "frame_3": {},
    "frame_4": {},
    "frame_5": {},
    "frame_6": {},
    "frame_7": {
      "player_0": [
        1442.111328125,
        495.91656494140625,
        1456.11376953125,
        510.56610107421875
      ]
    },
    "frame_8": {
      "player_1": [
        1447.975830078125,
        498.405517578125,
        1463.238037109375,
        513.2546997070312
      ]
    },
    "frame_9": {
      "player_2": [
        1453.2347412109375,
        501.39459228515625,
        1469.1484375,
        517.4501953125
      ]
    },
    "frame_10": {},
    "frame_11": {},
    "frame_12": {},
    "frame_13": {},
    "frame_14": {},
    "frame_15": {},
    "frame_16": {},
    "frame_17": {},
    "frame_18": {},
    "frame_19": {},
    "frame_20": {},
    "frame_21": {},
    "frame_22": {},
    "frame_23": {},
    "frame_24": {},
    "frame_25": {},
    "frame_26": {},
    "frame_27": {},
    "frame_28": {},
    "frame_29": {},
    "frame_30": {
      "player_3": [
        1519.103271484375,
        519.1785888671875,
        1532.5411376953125,
        533.3721313476562
      ]
    },
    "frame_31": {},
    "frame_32": {},
    "frame_33": {
      "player_4": [
        1513.26318359375,
        519.6703491210938,
        1528.0255126953125,
        533.9033203125
      ]
    },
    "frame_34": {},
    "frame_35": {},
    "frame_36": {},
    "frame_37": {
      "player_5": [
        741.5655517578125,
        654.1810913085938,
        753.79541015625,
        664.45751953125
      ]
    },
    "frame_38": {},
    "frame_39": {},
    "frame_40": {},
    "frame_41": {},
    "frame_42": {},
    "frame_43": {},
    "frame_44": {},
    "frame_45": {},
    "frame_46": {},
    "frame_47": {},
    "frame_48": {},
    "frame_49": {},
    "frame_50": {},
    "frame_51": {},
    "frame_52": {},
    "frame_53": {},
    "frame_54": {},
    "frame_55": {},
    "frame_56": {},
    "frame_57": {},
    "frame_58": {},
    "frame_59": {},
    "frame_60": {},
    "frame_61": {},
    "frame_62": {},
    "frame_63": {},
    "frame_64": {},
    "frame_65": {},
    "frame_66": {},
    "frame_67": {},
    "frame_68": {},
    "frame_69": {},
    "frame_70": {},
    "frame_71": {},
    "frame_72": {},
    "frame_73": {},
    "frame_74": {},
    "frame_75": {},
    "frame_76": {},
    "frame_77": {},
    "frame_78": {},
    "frame_79": {},
    "frame_80": {},
    "frame_81": {},
    "frame_82": {},
    "frame_83": {},
    "frame_84": {},
    "frame_85": {},
    "frame_86": {},
    "frame_87": {},
    "frame_88": {},
    "frame_89": {},
    "frame_90": {},
    "frame_91": {},
    "frame_92": {},
    "frame_93": {},
    "frame_94": {},
    "frame_95": {},
    "frame_96": {},
    "frame_97": {},
    "frame_98": {},
    "frame_99": {},
    "frame_100": {},
    "frame_101": {},
    "frame_102": {},
    "frame_103": {},
    "frame_104": {},
    "frame_105": {},
    "frame_106": {},
    "frame_107": {},
    "frame_108": {},
    "frame_109": {},
    "frame_110": {},
    "frame_111": {},
    "frame_112": {},
    "frame_113": {},
    "frame_114": {},
    "frame_115": {},
    "frame_116": {},
    "frame_117": {},
    "frame_118": {},
    "frame_119": {},
    "frame_120": {},
    "frame_121": {},
    "frame_122": {},
    "frame_123": {},
    "frame_124": {},
    "frame_125": {},
    "frame_126": {},
    "frame_127": {},
    "frame_128": {},
    "frame_129": {},
    "frame_130": {},
    "frame_131": {}
  },
  "tacticam": {
    "frame_0": {},
    "frame_1": {},
    "frame_2": {},
    "frame_3": {},
    "frame_4": {},
    "frame_5": {},
    "frame_6": {},
    "frame_7": {
      "player_0": [
        586.284912109375,
        162.20223999023438,
        595.4916381835938,
        174.26568603515625
      ]
    },
    "frame_8": {
      "player_1": [
        582.8414306640625,
        161.62142944335938,
        592.8340454101562,
        172.76806640625
      ]
    },
    "frame_9": {
      "player_2": [
        580.541748046875,
        160.52590942382812,
        589.9451293945312,
        172.4886932373047
      ]
    },
    "frame_10": {},
    "frame_11": {},
    "frame_12": {},
    "frame_13": {},
    "frame_14": {},
    "frame_15": {},
    "frame_16": {},
    "frame_17": {},
    "frame_18": {},
    "frame_19": {},
    "frame_20": {},
    "frame_21": {},
    "frame_22": {},
    "frame_23": {},
    "frame_24": {},
    "frame_25": {},
    "frame_26": {},
    "frame_27": {},
    "frame_28": {},
    "frame_29": {},
    "frame_30": {
      "player_3": [
        583.5017700195312,
        158.61508178710938,
        591.850830078125,
        169.80076599121094
      ]
    },
    "frame_31": {},
    "frame_32": {},
    "frame_33": {
      "player_4": [
        586.5932006835938,
        165.43222045898438,
        596.4152221679688,
        176.7202606201172
      ]
    },
    "frame_34": {},
    "frame_35": {},
    "frame_36": {},
    "frame_37": {
      "player_5": [
        595.7606811523438,
        176.4338836669922,
        604.83740234375,
        183.7470245361328
      ]
    },
    "frame_38": {},
    "frame_39": {},
    "frame_40": {},
    "frame_41": {},
    "frame_42": {},
    "frame_43": {},
    "frame_44": {},
    "frame_45": {},
    "frame_46": {},
    "frame_47": {},
    "frame_48": {},
    "frame_49": {},
    "frame_50": {},
    "frame_51": {},
    "frame_52": {},
    "frame_53": {},
    "frame_54": {},
    "frame_55": {},
    "frame_56": {},
    "frame_57": {},
    "frame_58": {},
    "frame_59": {},
    "frame_60": {},
    "frame_61": {},
    "frame_62": {},
    "frame_63": {},
    "frame_64": {},
    "frame_65": {},
    "frame_66": {},
    "frame_67": {},
    "frame_68": {},
    "frame_69": {},
    "frame_70": {},
    "frame_71": {},
    "frame_72": {},
    "frame_73": {},
    "frame_74": {},
    "frame_75": {},
    "frame_76": {},
    "frame_77": {},
    "frame_78": {},
    "frame_79": {},
    "frame_80": {},
    "frame_81": {},
    "frame_82": {},
    "frame_83": {},
    "frame_84": {},
    "frame_85": {},
    "frame_86": {},
    "frame_87": {},
    "frame_88": {},
    "frame_89": {},
    "frame_90": {},
    "frame_91": {},
    "frame_92": {},
    "frame_93": {},
    "frame_94": {},
    "frame_95": {},
    "frame_96": {},
    "frame_97": {},
    "frame_98": {},
    "frame_99": {},
    "frame_100": {},
    "frame_101": {},
    "frame_102": {},
    "frame_103": {},
    "frame_104": {},
    "frame_105": {},
    "frame_106": {},
    "frame_107": {},
    "frame_108": {},
    "frame_109": {},
    "frame_110": {},
    "frame_111": {},
    "frame_112": {},
    "frame_113": {},
    "frame_114": {},
    "frame_115": {},
    "frame_116": {},
    "frame_117": {},
    "frame_118": {},
    "frame_119": {},
    "frame_120": {},
    "frame_121": {},
    "frame_122": {},
    "frame_123": {},
    "frame_124": {},
    "frame_125": {},
    "frame_126": {},
    "frame_127": {},
    "frame_128": {},
    "frame_129": {},
    "frame_130": {},
    "frame_131": {}
  }
}